{
  "name": "Infinite Ammo",
  "description": "This mod simply gives you your ammo back after using it.\r\nShould work on most things hopefully.",
  "dll_file": "",
  "last_edit": 638183044376334355,
  "pub_id": "",
  "json_version": "",
  "version": "1.0.0",
  "tagline": "The title says it all",
  "repository": "",
  "is_public": true,
  "unlisted": true,
  "preview_image": "preview.png",
  "web_preview_image": "web_preview.png",
  "dependencies": [],
  "mod_dependencies": null,
  "menu_mod": false,
  "ContentType": 3
}